jd,fnu_microJy,fnu_microJy_unc,passband,programid,fcqfid,N_baseline,pre_or_post,zpdiff,C,sys_unc_factor,poor_conditions
2458204.9888079,-3.227240098181429,3.749955718656966,ZTF_g,1,4341201,74,-1,26.3007,0,1,0
2458205.0299769,1.2814284456549085,5.494447370948006,ZTF_g,1,4341201,74,-1,26.3153,0,1,0
2458207.9853009,9.540181997524437,7.438853270660859,ZTF_g,1,4341201,74,-1,26.2972,0,1,0
2458208.0279977,-0.6329466591678632,7.902236516717423,ZTF_g,1,4341201,74,-1,26.3239,0,1,0
2458211.0080208,3.729779547751238,9.353854000168532,ZTF_g,1,4341201,74,-1,26.3039,0,1,0
2458211.0239583,-7.886892908795777,11.519307986830999,ZTF_g,1,4341201,74,-1,26.2923,0,1,0
2458217.0083796,8.807292788675474,7.338852302475578,ZTF_r,1,4341202,349,-1,26.2727,1,1,0
2458230.9586111,-8.103120323320676,7.777812895799026,ZTF_r,1,4341202,349,-1,25.7275,1,1,1
2458236.8988773,5.358540982377531,11.35487319219861,ZTF_g,1,4341201,74,-1,26.2204,0,1,0
2458236.9591782,-7.546826133627778,10.666817075808943,ZTF_g,1,4341201,74,-1,26.2451,0,1,0
2458246.9185301,-3.142198668106036,5.635791490788777,ZTF_r,1,4341202,349,-1,26.3217,1,1,0
2458246.9789931,2.927912583171101,3.7536312302250776,ZTF_g,1,4341201,74,-1,26.2758,0,1,0
2458249.8963542,0.775509396604565,4.058508795128626,ZTF_g,1,4341201,74,-1,26.241,0,1,0
2458249.8990972,-2.435586273655932,5.765081748674225,ZTF_r,1,4341202,349,-1,26.322,1,1,1
2458256.9584838,-3.4334328132757608,3.0531928275322113,ZTF_r,1,4341202,349,-1,26.3175,1,1,0
2458259.9165046,2.4620672109459156,3.7357581786792124,ZTF_g,1,4341201,74,-1,26.063,0,1,0
2458259.9574884,4.425558099992578,3.1801196194066095,ZTF_r,1,4341202,349,-1,26.2475,1,1,0
2458262.8762731,-0.864000484208404,4.6667224383766985,ZTF_r,1,4341202,349,-1,26.279,1,1,0
2458262.9031019,-8.537744376697898,4.725468517278551,ZTF_g,1,4341201,74,-1,26.2693,0,1,0
2458270.8764005,-11.233493548867914,10.901433426620668,ZTF_r,1,4341202,349,-1,26.2831,1,1,0
2458270.9446296,-0.32256436443128544,15.054374404816286,ZTF_g,1,4341201,74,-1,26.1919,0,1,0
2458273.8918981,1.6439737420630884,4.084441208303588,ZTF_r,1,4341202,349,-1,26.3297,1,1,0
2458273.9471875,-0.7267717905974822,4.787351121143539,ZTF_g,1,4341201,74,-1,26.2521,0,1,0
2458276.8778125,-4.068638525033071,2.6624206320042725,ZTF_g,1,4341201,74,-1,26.2971,0,1,0
2458276.9364699,0.6205808813051835,3.3336329604727033,ZTF_r,1,4341202,349,-1,26.3098,1,1,0
2458279.8587269,3.1778701002444607,3.244071332294005,ZTF_g,1,4341201,74,-1,26.282,0,1,0
2458279.8801968,0.6225671150164843,4.475229764613357,ZTF_r,1,4341202,349,-1,26.197,1,1,0
2458282.8588773,2.7817355705667857,2.6585219210973374,ZTF_g,1,4341201,74,-1,26.1363,0,1,0
2458285.8332523,-1.5219614821908996,2.3742544305490356,ZTF_r,1,4341202,349,-1,26.3433,1,1,0
2458288.7939005,3.459764363921057,2.5681379208475756,ZTF_r,1,4341202,349,-1,26.3347,1,1,0
2458288.8741782,-4.157514277167474,2.8970067312930237,ZTF_g,1,4341201,74,-1,26.3062,0,1,0
2458291.7936574,-5.978282221182237,3.3760653721675227,ZTF_r,1,4341202,349,-1,26.3243,1,1,0
2458291.852963,-10.533296900251779,3.761759051895444,ZTF_g,1,4341201,74,-1,26.2967,0,1,0
2458295.8128704,10.7818415846839,7.632496270618886,ZTF_r,1,4341202,349,-1,26.3064,1,1,0
2458295.8624421,-16.17946331885366,10.899653129593048,ZTF_g,1,4341201,74,-1,26.2541,0,1,0
2458298.7490625,-16.144363979090826,10.16754928271823,ZTF_g,1,4341201,74,-1,26.2813,0,1,0
2458298.815706,1.8078246301938772,10.399234433427646,ZTF_r,1,4341202,349,-1,26.2699,1,1,0
2458301.7942014,4.141764609411717,4.855900291655433,ZTF_g,1,4341201,74,-1,26.2713,0,1,0
2458304.7942361,-0.6485019949297148,2.5937763591742624,ZTF_g,1,4341201,74,-1,26.274,0,1,0
2458304.8154282,6.044455350214989,2.9366603648821434,ZTF_r,1,4341202,349,-1,26.2891,1,1,0
2458307.6904282,-6.523642777934352,2.880400611974066,ZTF_r,1,4341202,349,-1,26.1901,1,1,0
2458307.8153935,-0.16728579796621174,2.7048973455479572,ZTF_g,1,4341201,74,-1,26.0856,0,1,0
2458312.7299537,0.7890835731739033,3.053626624093502,ZTF_r,1,4341202,349,-1,26.1848,1,1,0
2458312.8356713,4.928458314257353,2.6944320868782516,ZTF_g,1,4341201,74,-1,26.1193,0,1,0
2458320.6881597,-3.6509916460198455,5.674759833591024,ZTF_g,1,4341201,74,-1,26.2967,0,1,0
2458320.7529861,-7.326405118412496,4.759643638048898,ZTF_r,1,4341202,349,-1,26.282,1,1,0
2458337.6875579,2.599584057220305,2.6456131475092017,ZTF_g,1,4341201,74,-1,26.2736,0,1,0
2458337.7079977,-2.011329633174749,2.5360772051993803,ZTF_r,1,4341202,349,-1,26.3181,1,1,0
2458344.6559259,-1.1024717379007585,3.92755140445863,ZTF_g,1,4341201,74,-1,26.1861,0,1,0
2458347.6918171,-0.561545691909255,4.154826317303816,ZTF_g,1,4341201,74,-1,26.2147,0,1,0
2458350.7513657,10.050744353412902,7.047136785447075,ZTF_g,1,4341201,74,-1,26.2133,0,1,0
2458356.7508333,6.571586957711383,6.538617692869394,ZTF_r,1,4341202,349,-1,26.3175,1,1,0
2458362.6469213,0.9350200973187691,2.602863922447585,ZTF_r,1,4341202,349,-1,26.3462,1,1,0
2458362.7101736,-4.333101659273499,3.829707498378998,ZTF_g,1,4341201,74,-1,26.2718,0,1,0
2458365.6470255,-1.9280605762977534,2.116728923771496,ZTF_r,1,4341202,349,-1,26.2892,1,1,0
2458368.626331,1.7061860799527047,5.60026688635772,ZTF_r,1,4341202,349,-1,26.3288,1,1,0
2458368.7312963,3.892349320191366,3.5978158285368544,ZTF_g,1,4341201,74,-1,26.1967,0,1,0
2458371.6261921,6.280437735429721,3.0999386482985023,ZTF_r,1,4341202,349,-1,26.3553,1,1,0
2458371.7096528,-0.9126424274449441,2.793785316005406,ZTF_g,1,4341201,74,-1,26.2576,0,1,0
2458374.6261343,-2.5220528889555798,3.0041820410861457,ZTF_r,1,4341202,349,-1,26.3443,1,1,0
2458374.6900694,-3.5247885311660605,3.558683292408572,ZTF_g,1,4341201,74,-1,26.3201,0,1,0
2458508.0590856,10.180416782156362,11.990348555123127,ZTF_r,2,4341202,349,-1,26.1759,1,1,0
2458508.0642014,4.768388420880579,9.605370711191167,ZTF_r,2,4341202,349,-1,26.2121,1,1,0
2458508.0693056,-0.47926753429198105,10.656562436864823,ZTF_r,2,4341202,349,-1,26.2231,1,1,0
2458508.0744213,4.109620010848969,14.671158852625457,ZTF_r,2,4341202,349,-1,26.2353,1,1,0
2458509.0590625,-11.67694813972772,12.60693087088628,ZTF_r,2,4341202,349,-1,26.2131,1,1,1
2458509.0640856,-8.430271264704132,10.799189254571624,ZTF_r,2,4341202,349,-1,26.2227,1,1,0
2458509.0691551,7.8323454878053695,10.274960931123783,ZTF_r,2,4341202,349,-1,26.2224,1,1,0
2458509.0741898,-16.508023264310832,12.384000618107029,ZTF_r,2,4341202,349,-1,26.2362,1,1,0
2458512.0571991,5.148981577096336,7.788327821054402,ZTF_r,2,4341202,349,-1,26.0154,1,1,0
2458512.0621644,-0.006130998304197277,6.663324195565775,ZTF_r,2,4341202,349,-1,26.1629,1,1,0
2458512.0671181,13.163382892477882,8.734705940253367,ZTF_r,2,4341202,349,-1,26.1185,1,1,0
2458512.0720833,-3.8287705345676897,25.706315301162515,ZTF_r,2,4341202,349,-1,25.5029,1,1,1
2458513.0586574,-12.659352687774465,7.580983149768453,ZTF_r,2,4341202,349,-1,25.9459,1,1,1
2458513.0636806,0.2778061963817615,44.234356959936974,ZTF_r,2,4341202,349,-1,24.4556,1,1,1
2458513.0686921,-27.60322059812705,28.962689062453585,ZTF_r,2,4341202,349,-1,24.991,1,1,1
2458513.0737153,-11.066649500222635,7.02649758077815,ZTF_r,2,4341202,349,-1,26.1373,1,1,0
2458540.9806944,-5.385976840638206,7.082940510178907,ZTF_g,1,4341201,74,-1,26.1623,0,1,0
2458541.0434722,2.8523165121566922,5.443495854865309,ZTF_r,1,4341202,349,-1,26.2827,1,1,0
2458558.9608681,-1.9645390117364785,3.4587132596849974,ZTF_g,1,4341201,74,-1,26.1955,0,1,0
2458561.9189699,3.6937550181264647,12.794042484882658,ZTF_r,1,4341202,349,-1,26.1473,1,1,0
2458562.0026157,115.01804360208732,67.47694370580672,ZTF_g,1,4341201,74,-1,24.5782,0,1,1
2458574.9996644,8.442514615450682,14.889376947387776,ZTF_r,1,4341202,349,-1,24.8891,1,1,1
2458575.0034375,7.293511537803423,17.206714607714108,ZTF_g,1,4341201,74,-1,24.6231,0,1,1
2458581.9443519,0.13214416584561728,4.495006733113575,ZTF_r,1,4341202,349,-1,25.9844,1,1,0
2458581.9667824,5.213079452499842,4.417209168194908,ZTF_g,1,4341201,74,-1,25.9892,0,1,0
2458585.9213426,-3.102132850244809,3.5474091348746826,ZTF_r,1,4341202,349,-1,26.1906,1,1,0
2458588.9393171,0.7431488694698488,3.6280970744215884,ZTF_r,1,4341202,349,-1,26.2465,1,1,0
2458588.9799421,1.2633954046906135,3.472842043312731,ZTF_g,1,4341201,74,-1,26.0984,0,1,0
2458591.9601505,0.5701762060941734,7.365912624002686,ZTF_r,1,4341202,349,-1,26.2613,1,1,0
2458591.9814699,-13.170784765121901,10.63295455900553,ZTF_g,1,4341201,74,-1,26.1356,0,1,0
2458599.8611574,-1.5247087821868877,2.1743042378678865,ZTF_g,2,4341201,74,-1,27.1931,0,1,1
2458599.9773958,0.41346843312258896,1.9078443229246302,ZTF_r,2,4341202,349,-1,27.4789,1,1,1
2458606.8306944,-6.2831372290762175,3.777747236422432,ZTF_r,1,4341202,349,-1,26.1774,1,1,0
2458617.8563079,0.5428855140002496,4.4892945167563685,ZTF_r,1,4341202,349,-1,26.2085,1,1,0
2458628.8967245,-1.5216719346068173,3.186188806289325,ZTF_r,1,4341202,349,-1,26.2292,1,1,0
2458628.9386806,0.16608679853012762,6.692436555483199,ZTF_g,1,4341201,74,-1,26.1377,0,1,0
2458633.8366204,-3.7546862738140447,2.527255031833153,ZTF_r,1,4341202,349,-1,26.2388,1,1,0
2458633.9575116,4.607689218703003,3.3887433814987555,ZTF_g,1,4341201,74,-1,26.1166,0,1,0
2458636.8995718,-4.142696698479456,2.9137513502664687,ZTF_r,1,4341202,349,-1,26.2336,1,1,0
2458636.9559259,-0.7264732565428065,2.163096743569536,ZTF_g,1,4341201,74,-1,26.159,0,1,0
2458639.8145949,0.5985411432320223,3.23221399670914,ZTF_r,1,4341202,349,-1,26.2351,1,1,0
2458639.9345718,3.212506778500783,2.4749934241674807,ZTF_g,1,4341201,74,-1,26.1923,0,1,0
2458641.8341551,-4.403122944099415,2.288254398088449,ZTF_r,3,4341202,349,-1,26.2697,1,1,0
2458641.8346065,2.2954147562608647,2.4459916350504236,ZTF_r,3,4341202,349,-1,26.2681,1,1,0
2458641.8350579,1.0935036993396057,2.014658753226903,ZTF_r,3,4341202,349,-1,26.2562,1,1,0
2458641.8355093,3.0780174747256233,2.1491189760027143,ZTF_r,3,4341202,349,-1,26.2712,1,1,0
2458641.8359606,-1.7879099481299316,2.453882592996085,ZTF_r,3,4341202,349,-1,26.2562,1,1,0
2458641.836412,1.764481327872043,2.7274434682506943,ZTF_r,3,4341202,349,-1,26.2628,1,1,0
2458641.8368634,3.036600266406193,2.4559667250637744,ZTF_r,3,4341202,349,-1,26.2543,1,1,0
2458641.8373148,-0.34464383911414964,2.11967107207461,ZTF_r,3,4341202,349,-1,26.2733,1,1,0
2458641.8377662,4.06686948255274,2.544390744584263,ZTF_r,3,4341202,349,-1,26.2621,1,1,0
2458641.838206,-2.2001379267494765,2.0594833663266017,ZTF_r,3,4341202,349,-1,26.2586,1,1,0
2458641.838669,0.9623565397309078,2.069732899180788,ZTF_r,3,4341202,349,-1,26.2633,1,1,0
2458641.8391204,1.0989725242085362,1.8560418641819998,ZTF_r,3,4341202,349,-1,26.2586,1,1,0
2458641.8395602,2.311285632130186,2.3402006169593292,ZTF_r,3,4341202,349,-1,26.252,1,1,0
2458641.8400116,1.607614366776285,1.9739886168659053,ZTF_r,3,4341202,349,-1,26.262,1,1,0
2458641.8405556,-0.9038258437686325,2.188743699110192,ZTF_r,3,4341202,349,-1,26.25,1,1,0
2458641.8410069,0.9344166424748712,2.1530826461862627,ZTF_r,3,4341202,349,-1,26.2639,1,1,0
2458641.8414583,0.975133460508767,2.5046772681622875,ZTF_r,3,4341202,349,-1,26.2574,1,1,0
2458641.8419097,-3.5508178873239724,2.1190069356744874,ZTF_r,3,4341202,349,-1,26.2544,1,1,0
2458641.8423611,1.8625236538397214,2.615558658329098,ZTF_r,3,4341202,349,-1,26.2632,1,1,0
2458641.8428125,0.6388068583238365,2.526072264212543,ZTF_r,3,4341202,349,-1,26.2629,1,1,0
2458641.8432639,4.137035958950094,3.025303371110362,ZTF_r,3,4341202,349,-1,26.2646,1,1,0
2458641.8437153,0.5126429574522129,2.644204265223624,ZTF_r,3,4341202,349,-1,26.2547,1,1,0
2458641.8441782,-0.5066364546493005,2.3707232557308435,ZTF_r,3,4341202,349,-1,26.2618,1,1,0
2458641.8446296,-2.1910127961321186,2.614861743201522,ZTF_r,3,4341202,349,-1,26.261,1,1,0
2458641.845081,0.9415153251931682,2.3642202315879652,ZTF_r,3,4341202,349,-1,26.2609,1,1,0
2458641.8455324,-2.3730767562556685,2.8042458624235596,ZTF_r,3,4341202,349,-1,26.2613,1,1,0
2458641.8459838,-3.3122440292676125,2.743185678790137,ZTF_r,3,4341202,349,-1,26.265,1,1,0
2458641.8464352,-4.10315497325436,2.5152518486390587,ZTF_r,3,4341202,349,-1,26.2578,1,1,0
2458641.8468866,-0.65658228783899,2.5816555171753883,ZTF_r,3,4341202,349,-1,26.2599,1,1,0
2458641.847338,0.4178022516499319,2.3200389210087433,ZTF_r,3,4341202,349,-1,26.2679,1,1,0
2458641.8477894,1.8495292020665937,2.5575724859771007,ZTF_r,3,4341202,349,-1,26.2639,1,1,0
2458641.8482407,-3.535699611723297,2.8642962845469646,ZTF_r,3,4341202,349,-1,26.2619,1,1,0
2458641.8486921,0.8762436447916989,2.1619735718000577,ZTF_r,3,4341202,349,-1,26.2635,1,1,0
2458641.8491435,-6.134136535118671,2.763616679775022,ZTF_r,3,4341202,349,-1,26.2593,1,1,0
2458641.8495949,0.07907527232517836,2.3098931881554607,ZTF_r,3,4341202,349,-1,26.2623,1,1,0
2458641.8500463,-1.7771238105076739,2.486997025358991,ZTF_r,3,4341202,349,-1,26.2609,1,1,0
2458641.8504977,-2.4503054818320384,2.7245416515185292,ZTF_r,3,4341202,349,-1,26.2585,1,1,0
2458641.8509491,0.9324243858983697,2.763477689946509,ZTF_r,3,4341202,349,-1,26.2592,1,1,0
2458641.8514005,0.20005235928313458,2.691314224801525,ZTF_r,3,4341202,349,-1,26.2581,1,1,0
2458641.8518519,3.3655056565753756,3.2182815150502324,ZTF_r,3,4341202,349,-1,26.2672,1,1,0
2458641.8523032,-2.110272501885934,2.8705349899723744,ZTF_r,3,4341202,349,-1,26.2635,1,1,0
2458641.8527546,-1.9086791350990744,2.426590186372236,ZTF_r,3,4341202,349,-1,26.2607,1,1,0
2458641.853206,0.28753385441224055,2.4476504861769963,ZTF_r,3,4341202,349,-1,26.2589,1,1,0
2458641.8536574,1.2284505947341333,2.572388595732114,ZTF_r,3,4341202,349,-1,26.2627,1,1,0
2458641.8541088,0.5082566250771071,2.1330866058101354,ZTF_r,3,4341202,349,-1,26.2551,1,1,0
2458641.8545602,-2.4180367988014035,2.838241345570137,ZTF_r,3,4341202,349,-1,26.2624,1,1,0
2458641.8550116,2.22664786880051,2.0159975462480615,ZTF_r,3,4341202,349,-1,26.2598,1,1,0
2458641.855463,4.930053748046298,2.6156978116523972,ZTF_r,3,4341202,349,-1,26.2562,1,1,0
2458641.8559144,-1.6143657082627805,2.379709039011083,ZTF_r,3,4341202,349,-1,26.2609,1,1,0
2458641.8563657,3.270220597694953,2.3431446194971106,ZTF_r,3,4341202,349,-1,26.2577,1,1,0
2458641.8568171,-1.0971166033393713,2.395422548478695,ZTF_r,3,4341202,349,-1,26.2589,1,1,0
2458641.8572685,0.6667803559724939,2.157175045954296,ZTF_r,3,4341202,349,-1,26.2544,1,1,0
2458641.8577199,1.9688658876062268,2.5063530913457233,ZTF_r,3,4341202,349,-1,26.2597,1,1,0
2458641.8581713,-5.613388140347302,2.5018109289023154,ZTF_r,3,4341202,349,-1,26.2544,1,1,0
2458641.8586227,0.46033194499051305,2.757886550815815,ZTF_r,3,4341202,349,-1,26.2611,1,1,0
2458641.8590741,2.6999045478865367,2.356305911705153,ZTF_r,3,4341202,349,-1,26.2543,1,1,0
2458641.8595255,0.10127302058487907,2.4527894163260426,ZTF_r,3,4341202,349,-1,26.255,1,1,0
2458641.8599769,-1.9982648679109218,2.671400654262256,ZTF_r,3,4341202,349,-1,26.2582,1,1,0
2458641.8604282,-2.3076161592854443,2.3377291225586228,ZTF_r,3,4341202,349,-1,26.2569,1,1,0
2458641.8608796,-0.8727054375753435,2.45209579641213,ZTF_r,3,4341202,349,-1,26.2579,1,1,0
2458641.861331,-1.6307987528122605,2.925434747424919,ZTF_r,3,4341202,349,-1,26.2589,1,1,0
2458641.8617824,-1.150805478929336,3.558590776311732,ZTF_r,3,4341202,349,-1,26.2561,1,1,0
2458641.8622338,1.6318553850526312,2.539487184211706,ZTF_r,3,4341202,349,-1,26.2649,1,1,0
2458641.8626852,-1.7119797623943793,2.282836890263279,ZTF_r,3,4341202,349,-1,26.2528,1,1,0
2458641.8631366,0.3601665833559355,2.297578702301992,ZTF_r,3,4341202,349,-1,26.257,1,1,0
2458641.863588,-0.03066258362974374,2.217895363172066,ZTF_r,3,4341202,349,-1,26.2565,1,1,0
2458641.8640394,-3.778778961966808,2.647562198205887,ZTF_r,3,4341202,349,-1,26.2568,1,1,0
2458641.8644907,-0.4134404935764566,2.6658849621714364,ZTF_r,3,4341202,349,-1,26.2528,1,1,0
2458641.8649537,-0.760346250434542,2.4994990701212005,ZTF_r,3,4341202,349,-1,26.2564,1,1,0
2458641.8654051,1.2853783069255897,2.4304140962975445,ZTF_r,3,4341202,349,-1,26.2616,1,1,0
2458641.8658565,2.9977258531343063,2.19358446136524,ZTF_r,3,4341202,349,-1,26.2639,1,1,0
2458641.8663079,0.732142607357705,2.3522927254427373,ZTF_r,3,4341202,349,-1,26.2617,1,1,0
2458641.8667593,1.1406801685925418,2.2166659170267176,ZTF_r,3,4341202,349,-1,26.2612,1,1,0
2458641.8672106,0.8237482392926142,2.160239946393732,ZTF_r,3,4341202,349,-1,26.252,1,1,0
2458641.867662,0.8063794738800724,2.2003021018761553,ZTF_r,3,4341202,349,-1,26.2588,1,1,0
2458641.8681134,-0.46526778849652756,2.3969237319671195,ZTF_r,3,4341202,349,-1,26.2616,1,1,0
2458641.8685648,2.1078700929689167,2.0625962760978265,ZTF_r,3,4341202,349,-1,26.2621,1,1,0
2458641.8690162,0.6733187993796579,2.1589592337257133,ZTF_r,3,4341202,349,-1,26.2543,1,1,0
2458641.8694676,1.5526250537688708,2.478863407054309,ZTF_r,3,4341202,349,-1,26.2537,1,1,0
2458641.869919,-2.000228671066159,2.4324036434748706,ZTF_r,3,4341202,349,-1,26.2557,1,1,0
2458641.8703704,1.7238105972755182,2.140259278486537,ZTF_r,3,4341202,349,-1,26.2569,1,1,0
2458641.8708218,-6.408627508545954,2.2555702207740302,ZTF_r,3,4341202,349,-1,26.2557,1,1,0
2458641.8712731,-2.957006763483153,2.2003509238703822,ZTF_r,3,4341202,349,-1,26.2621,1,1,0
2458641.8717245,-0.4133529936768536,2.4488067802702638,ZTF_r,3,4341202,349,-1,26.2635,1,1,0
2458641.8721759,0.19822518491663083,2.2417202688427342,ZTF_r,3,4341202,349,-1,26.2562,1,1,0
2458641.8726273,1.1370926684450988,2.1857012849865938,ZTF_r,3,4341202,349,-1,26.2602,1,1,0
2458641.8730787,5.679213105006275,2.466847092836712,ZTF_r,3,4341202,349,-1,26.2613,1,1,0
2458641.8735301,1.8769496984655063,2.2555173249488365,ZTF_r,3,4341202,349,-1,26.2704,1,1,0
2458641.8739815,-1.2570260189192548,2.237409024349961,ZTF_r,3,4341202,349,-1,26.2556,1,1,0
2458641.8744329,-0.4723035762460388,2.1947255667518832,ZTF_r,3,4341202,349,-1,26.2654,1,1,0
2458641.8748843,0.8610741104687754,2.4056211508511987,ZTF_r,3,4341202,349,-1,26.274,1,1,0
2458641.8753356,3.5249497344694314,2.4895753639299243,ZTF_r,3,4341202,349,-1,26.259,1,1,0
2458641.875787,2.49105969090751,2.1905727686886545,ZTF_r,3,4341202,349,-1,26.2624,1,1,0
2458641.8762384,0.828454414265971,2.532711086968387,ZTF_r,3,4341202,349,-1,26.2625,1,1,0
2458641.8766898,1.2732327206836798,2.2466091775209605,ZTF_r,3,4341202,349,-1,26.2565,1,1,0
2458641.8771412,2.3814085477975517,2.3357378328633733,ZTF_r,3,4341202,349,-1,26.26,1,1,0
2458641.8775926,-0.9683091691447042,2.12880447369024,ZTF_r,3,4341202,349,-1,26.2602,1,1,0
2458641.878044,-2.9043985496515714,1.8610276969923742,ZTF_r,3,4341202,349,-1,26.2611,1,1,0
2458641.8784954,-0.053054508489160615,2.2176508346471118,ZTF_r,3,4341202,349,-1,26.2547,1,1,0
2458641.8789468,-5.2009592932938995,2.328841313718588,ZTF_r,3,4341202,349,-1,26.2672,1,1,0
2458641.8793981,-1.950591945579056,2.086485507392449,ZTF_r,3,4341202,349,-1,26.2645,1,1,0
2458641.8798495,1.4535905658521628,2.1399267593585543,ZTF_r,3,4341202,349,-1,26.263,1,1,0
2458641.8803009,1.370421846783598,2.0885657371925914,ZTF_r,3,4341202,349,-1,26.258,1,1,0
2458641.8807523,-2.4341350225788756,2.2894315657801947,ZTF_r,3,4341202,349,-1,26.2566,1,1,0
2458641.8812037,0.7846374665363613,1.8423756596989136,ZTF_r,3,4341202,349,-1,26.254,1,1,0
2458641.8816551,0.8481871804581036,1.9265539822788347,ZTF_r,3,4341202,349,-1,26.2732,1,1,0
2458641.8821065,-0.7641799027350055,2.0979714357653454,ZTF_r,3,4341202,349,-1,26.2657,1,1,0
2458641.8825579,1.6042302779768192,2.1316013866469437,ZTF_r,3,4341202,349,-1,26.265,1,1,0
2458641.8830093,0.10473147870413071,1.9690232996971482,ZTF_r,3,4341202,349,-1,26.26,1,1,0
2458641.8834606,0.8117894206281304,2.086207146840688,ZTF_r,3,4341202,349,-1,26.2716,1,1,0
2458641.883912,-4.893244645249552,1.939580304032917,ZTF_r,3,4341202,349,-1,26.2701,1,1,0
2458641.8843634,0.06787918019397114,2.3440801465858567,ZTF_r,3,4341202,349,-1,26.2579,1,1,0
2458641.8848148,0.10687114425596166,2.185384332027241,ZTF_r,3,4341202,349,-1,26.2685,1,1,0
2458641.8852662,-0.8638974995257214,2.269744314047413,ZTF_r,3,4341202,349,-1,26.2557,1,1,0
2458641.8857176,2.535052878956839,2.2970751300960557,ZTF_r,3,4341202,349,-1,26.2603,1,1,0
2458641.886169,-3.8916169301932317,1.9895560750297552,ZTF_r,3,4341202,349,-1,26.2634,1,1,0
2458641.8866204,-4.810508962000161,2.0061800499278304,ZTF_r,3,4341202,349,-1,26.2647,1,1,0
2458641.8870718,-0.06269950533301456,2.2269378858974416,ZTF_r,3,4341202,349,-1,26.269,1,1,0
2458641.8875231,-3.8853731262273343,1.8444316504642955,ZTF_r,3,4341202,349,-1,26.2564,1,1,0
2458641.8879745,0.33131916312152815,2.0908832769643766,ZTF_r,3,4341202,349,-1,26.2553,1,1,0
2458641.8884259,-0.9845662867694027,2.0907716863970136,ZTF_r,3,4341202,349,-1,26.2604,1,1,0
2458641.8888773,-1.157829391447714,2.1605791314988583,ZTF_r,3,4341202,349,-1,26.2661,1,1,0
2458641.8893287,4.015570022393694,2.2111246087444245,ZTF_r,3,4341202,349,-1,26.2646,1,1,0
2458641.8897801,-0.3208316383287863,2.608816111663529,ZTF_r,3,4341202,349,-1,26.2578,1,1,0
2458641.8902315,0.052539616193873866,2.163728570157187,ZTF_r,3,4341202,349,-1,26.2621,1,1,0
2458641.8906829,-1.9098209155005494,2.1874146232955187,ZTF_r,3,4341202,349,-1,26.2549,1,1,0
2458641.8911343,1.8597165104484417,2.363178857053633,ZTF_r,3,4341202,349,-1,26.2572,1,1,0
2458641.8915856,-2.7614080812367208,2.338356117924259,ZTF_r,3,4341202,349,-1,26.2635,1,1,0
2458641.8920486,-1.290246852781263,2.342312663013981,ZTF_r,3,4341202,349,-1,26.2605,1,1,0
2458641.8925,1.3205037476984431,2.3517523870770556,ZTF_r,3,4341202,349,-1,26.2595,1,1,0
2458641.8929514,0.6218037130410964,2.6397328190198217,ZTF_r,3,4341202,349,-1,26.2536,1,1,0
2458641.8934028,-1.105826015391974,2.1966214022967687,ZTF_r,3,4341202,349,-1,26.2587,1,1,0
2458641.8938542,-1.6720169331748205,1.9225311873945523,ZTF_r,3,4341202,349,-1,26.2729,1,1,0
2458641.8943056,1.4267236343108445,2.461877847204198,ZTF_r,3,4341202,349,-1,26.2516,1,1,0
2458641.8947569,0.9399105870419633,2.3088980894145106,ZTF_r,3,4341202,349,-1,26.2675,1,1,0
2458641.8952083,3.9460133159665043,2.3723185228045165,ZTF_r,3,4341202,349,-1,26.2588,1,1,0
2458641.8956597,0.9773393556714122,2.0983937483063566,ZTF_r,3,4341202,349,-1,26.2692,1,1,0
2458641.8961111,2.093568555065841,2.358740741094518,ZTF_r,3,4341202,349,-1,26.2565,1,1,0
2458641.8965625,0.8309783069581042,2.1542719445742593,ZTF_r,3,4341202,349,-1,26.264,1,1,0
2458641.8970139,1.9564415380746196,2.0989518320826774,ZTF_r,3,4341202,349,-1,26.2611,1,1,0
2458641.8974653,-1.8640789733876113,2.276942662592677,ZTF_r,3,4341202,349,-1,26.2635,1,1,0
2458641.8979167,2.660251565972181,2.4899770015806713,ZTF_r,3,4341202,349,-1,26.2594,1,1,0
2458642.7754514,-0.2938831445535412,2.5286517494239877,ZTF_r,1,4341202,349,-1,26.2696,1,1,0
2458642.8838426,-1.511061905163175,2.535500874768763,ZTF_g,1,4341201,74,-1,26.2458,0,1,0
2458645.8131944,4.127880079529407,3.7308251969785604,ZTF_r,1,4341202,349,-1,26.247,1,1,0
2458645.9052083,1.9376263879608566,2.8255509396041125,ZTF_g,1,4341201,74,-1,26.182,0,1,0
2458648.8583912,-8.304741782816057,8.165369518207148,ZTF_g,1,4341201,74,-1,26.215,0,1,0
2458651.8463889,6.94567958780124,16.685941316379203,ZTF_r,1,4341202,349,-1,26.2319,1,1,1
2458651.9448611,-33.93132941649815,22.567721641091406,ZTF_g,1,4341201,74,-1,26.1561,0,1,1
2458654.7960417,-7.492403407699024,8.926332549730661,ZTF_g,1,4341201,74,-1,26.192,0,1,0
2458654.8575116,-0.7167210072760061,6.943776963804312,ZTF_r,1,4341202,349,-1,26.2338,1,1,0
2458667.7321181,-5.364314778799907,2.6974452728552514,ZTF_r,2,4341202,349,-1,26.2669,1,1,0
2458667.7325694,2.018393185407007,2.982534391588346,ZTF_r,2,4341202,349,-1,26.2756,1,1,0
2458667.750787,2.123754820825037,2.5036833115212245,ZTF_r,2,4341202,349,-1,26.2747,1,1,0
2458667.7554398,-2.1881486972118194,3.2738054703243593,ZTF_r,2,4341202,349,-1,26.2861,1,1,0
2458667.7564352,-1.5455047839148337,2.7696633819941763,ZTF_r,2,4341202,349,-1,26.2688,1,1,0
2458667.7573495,-3.857854332178089,3.104962835461502,ZTF_r,2,4341202,349,-1,26.29,1,1,0
2458667.7587847,-4.409795886759959,3.0317908310724255,ZTF_r,2,4341202,349,-1,26.2799,1,1,0
2458667.766331,1.9816255478418072,2.6218286321589765,ZTF_r,2,4341202,349,-1,26.2853,1,1,0
2458667.7834028,1.949722938561482,3.5904986211503855,ZTF_r,2,4341202,349,-1,26.2826,1,1,0
2458667.7838542,-1.0263467531103112,3.365357123663703,ZTF_r,2,4341202,349,-1,26.2842,1,1,0
2458667.7843056,-2.734073720010811,3.2602903188591097,ZTF_r,2,4341202,349,-1,26.2907,1,1,0
2458667.7904977,0.5251029694469369,3.253947822057912,ZTF_r,2,4341202,349,-1,26.2797,1,1,0
2458667.7909491,-2.478915989171248,3.338690885436277,ZTF_r,2,4341202,349,-1,26.28,1,1,0
2458668.7139931,-3.3962092322725064,2.700217839795463,ZTF_r,2,4341202,349,-1,26.2615,1,1,0
2458668.7144444,5.129410788207146,2.5142030947170086,ZTF_r,2,4341202,349,-1,26.2594,1,1,0
2458668.7302083,1.9755200901632497,2.875120663509136,ZTF_r,2,4341202,349,-1,26.2648,1,1,0
2458668.7338079,-4.858529549966911,2.8192255013045218,ZTF_r,2,4341202,349,-1,26.2713,1,1,0
2458668.7385301,-0.4293292325372964,2.2996313574954073,ZTF_r,2,4341202,349,-1,26.2717,1,1,0
2458668.7478588,3.363111817750244,2.1725345598622257,ZTF_r,2,4341202,349,-1,26.2807,1,1,0
2458668.7501968,-3.840221337832849,2.36224511984799,ZTF_r,2,4341202,349,-1,26.273,1,1,0
2458668.7506366,2.4768819647523017,2.214134812669058,ZTF_r,2,4341202,349,-1,26.2728,1,1,0
2458668.7564815,-0.22867178834753082,2.8198483733566126,ZTF_r,2,4341202,349,-1,26.2737,1,1,0
2458668.7593981,0.41641873209247804,2.1972206393340796,ZTF_r,2,4341202,349,-1,26.278,1,1,0
2458668.7603009,0.41740150875007537,2.458813910034292,ZTF_r,2,4341202,349,-1,26.2745,1,1,0
2458668.7663542,0.8589873965004348,2.4732014465963315,ZTF_r,2,4341202,349,-1,26.2786,1,1,0
2458668.7668056,-0.054247409135479326,2.2102383584401655,ZTF_r,2,4341202,349,-1,26.2765,1,1,0
2458668.8163657,1.9247605210857552,2.843569195304593,ZTF_r,1,4341202,349,-1,26.2795,1,1,0
2458669.715162,0.6083759108448054,3.7534900043711374,ZTF_r,2,4341202,349,-1,26.2621,1,1,0
2458669.7156134,5.811916747328694,3.543750201477425,ZTF_r,2,4341202,349,-1,26.2562,1,1,0
2458669.7273611,-0.7031521994223072,3.309761255243942,ZTF_r,2,4341202,349,-1,26.2679,1,1,0
2458669.7309606,2.8765644879074594,2.578500559392443,ZTF_r,2,4341202,349,-1,26.2607,1,1,0
2458669.745544,-5.591270923666684,3.019028580709565,ZTF_r,2,4341202,349,-1,26.2722,1,1,0
2458669.7465278,0.5146109389743357,2.452200334762646,ZTF_r,2,4341202,349,-1,26.2683,1,1,0
2458669.7615972,-1.9155465629213966,3.254533081776223,ZTF_r,2,4341202,349,-1,26.2798,1,1,0
2458669.7644213,-0.5984976992169639,2.7403994166753685,ZTF_r,2,4341202,349,-1,26.2678,1,1,0
2458669.7648727,-3.4327922977699603,3.0672305046652877,ZTF_r,2,4341202,349,-1,26.2831,1,1,0
2458669.7663426,-1.6881064430249821,2.6327291036306923,ZTF_r,2,4341202,349,-1,26.271,1,1,0
2458669.7729861,2.2516262405717544,3.3315885438806827,ZTF_r,2,4341202,349,-1,26.2724,1,1,0
2458669.7734375,1.0500787230910984,2.7311881232183994,ZTF_r,2,4341202,349,-1,26.27,1,1,0
2458670.7139468,0.34799642490781546,4.339692685334139,ZTF_r,2,4341202,349,-1,26.215,1,1,0
2458670.7143981,-1.185170772412727,4.435139010439042,ZTF_r,2,4341202,349,-1,26.2089,1,1,0
2458670.7245949,6.93709465849827,3.697521886991788,ZTF_r,2,4341202,349,-1,26.2482,1,1,0
2458670.7278819,-3.626375597967241,3.456041392368394,ZTF_r,2,4341202,349,-1,26.2514,1,1,0
2458670.7321296,0.13398104359699717,3.4974296355047674,ZTF_r,2,4341202,349,-1,26.2493,1,1,0
2458670.7370602,-1.0254180970972384,3.0325560009737336,ZTF_r,2,4341202,349,-1,26.2409,1,1,0
2458670.7458449,3.748610385845877,3.7423182291259125,ZTF_r,2,4341202,349,-1,26.251,1,1,0
2458670.7494097,1.2780604465997765,3.1177483795057888,ZTF_r,2,4341202,349,-1,26.2526,1,1,0
2458670.7590856,3.3111269587522743,3.042495220612688,ZTF_r,2,4341202,349,-1,26.2627,1,1,0
2458670.7758218,5.017124638419497,2.580162229127017,ZTF_r,2,4341202,349,-1,26.2576,1,1,0
2458670.7762731,5.9239927229521365,2.5980286922032185,ZTF_r,2,4341202,349,-1,26.2591,1,1,0
2458671.7138773,-2.539179764982596,4.413025539718105,ZTF_r,2,4341202,349,-1,26.2572,1,1,0
2458671.7143287,4.2788376231725405,4.144216472958503,ZTF_r,2,4341202,349,-1,26.2478,1,1,0
2458671.7218981,3.6310140338153465,3.776921002871792,ZTF_r,2,4341202,349,-1,26.2496,1,1,0
2458671.7223495,-0.6577850693297099,3.534315960986661,ZTF_r,2,4341202,349,-1,26.2736,1,1,0
2458671.7273843,2.244196028081029,3.1607238822964816,ZTF_r,2,4341202,349,-1,26.2649,1,1,0
2458671.7387037,-1.0368370289587665,3.329865185472661,ZTF_r,2,4341202,349,-1,26.1306,1,1,0
2458671.7406829,0.9052628261385827,3.3540567254291624,ZTF_r,2,4341202,349,-1,26.2666,1,1,0
2458671.7431134,4.797039187829154,3.2590140478677285,ZTF_r,2,4341202,349,-1,26.2719,1,1,0
2458671.7533449,-0.696629822817652,2.172847997035091,ZTF_r,2,4341202,349,-1,26.2774,1,1,0
2458671.7603819,-2.2970577097676177,2.5648693599140344,ZTF_r,2,4341202,349,-1,26.2753,1,1,0
2458671.7622801,-0.19353290128385423,2.0511332666064144,ZTF_r,2,4341202,349,-1,26.2753,1,1,0
2458671.7691898,-0.7863196367102573,2.6366608530382396,ZTF_r,2,4341202,349,-1,26.2714,1,1,0
2458671.7696412,-2.955586761353077,2.425603836726926,ZTF_r,2,4341202,349,-1,26.2372,1,1,0
2458671.7815394,-1.3794414734367955,2.447810875668732,ZTF_g,1,4341201,74,-1,26.228,0,1,0
2458672.737581,0.7370458894879968,2.4726300250717665,ZTF_r,2,4341202,349,-1,26.2341,1,1,0
2458672.7380324,-0.5707447358051552,2.494674973676948,ZTF_r,2,4341202,349,-1,26.2304,1,1,0
2458672.7540856,1.380853374678889,2.3527317670687076,ZTF_r,2,4341202,349,-1,26.2382,1,1,0
2458672.7725694,1.0589570910052606,2.400284465526968,ZTF_r,2,4341202,349,-1,26.2434,1,1,0
2458672.7755093,6.394613745721243,3.5053241675059628,ZTF_r,2,4341202,349,-1,26.2398,1,1,0
2458672.7774306,-2.7853947611266823,2.7032345147577668,ZTF_r,2,4341202,349,-1,26.2394,1,1,0
2458672.7798032,-0.02290259004901679,3.102354538229185,ZTF_r,2,4341202,349,-1,26.2492,1,1,0
2458672.7837037,0.37799866903685464,2.606737512029931,ZTF_r,2,4341202,349,-1,26.239,1,1,0
2458672.7875463,1.2651086691480593,2.766058954113392,ZTF_r,2,4341202,349,-1,26.2427,1,1,0
2458672.7879977,1.945645788883144,2.662123116344471,ZTF_r,2,4341202,349,-1,26.2448,1,1,0
2458673.7345833,1.2515530861854058,2.1501609916331734,ZTF_r,2,4341202,349,-1,26.2747,1,1,0
2458673.7350347,-0.039814732312043924,2.2362938791521505,ZTF_r,2,4341202,349,-1,26.2714,1,1,0
2458673.7426157,0.45756888097758286,2.1675448196057396,ZTF_r,2,4341202,349,-1,26.2861,1,1,0
2458673.7462037,-2.918764079867311,2.4357824955189207,ZTF_r,2,4341202,349,-1,26.2779,1,1,0
2458673.7554514,-1.955503499510729,2.4419005027436125,ZTF_r,2,4341202,349,-1,26.2712,1,1,0
2458673.7588773,3.8421896367171304,2.6417815082868925,ZTF_r,2,4341202,349,-1,26.2732,1,1,0
2458673.7603472,-4.494355233499541,2.634510656801213,ZTF_r,2,4341202,349,-1,26.2669,1,1,0
2458673.7621991,-0.5833325622447358,2.129866832354953,ZTF_r,2,4341202,349,-1,26.2723,1,1,0
2458673.7708912,-0.30112648632825334,2.1167193034405285,ZTF_r,2,4341202,349,-1,26.2788,1,1,0
2458673.7882523,0.763285969150892,3.3925460735108524,ZTF_r,2,4341202,349,-1,26.2823,1,1,0
2458673.7887037,2.1607885322952876,2.6542386006897956,ZTF_r,2,4341202,349,-1,26.2794,1,1,0
2458674.7438426,-3.0716155065518724,3.0468314905565332,ZTF_r,2,4341202,349,-1,26.2678,1,1,0
2458674.744294,-0.6740420731453916,2.991300054254528,ZTF_r,2,4341202,349,-1,26.2714,1,1,0
2458674.7725463,1.9127967403286898,3.635945616325528,ZTF_r,2,4341202,349,-1,26.273,1,1,0
2458674.7735648,-6.616076894049512,3.9776804342203973,ZTF_r,2,4341202,349,-1,26.2723,1,1,0
2458674.7873611,2.687660634662685,3.189207413528563,ZTF_r,2,4341202,349,-1,26.2771,1,1,0
2458674.7878125,-2.0101684188252236,3.3432824793098646,ZTF_r,2,4341202,349,-1,26.2598,1,1,0
2458674.833588,3.697735814446836,2.720217429056469,ZTF_g,1,4341201,74,-1,26.2218,0,1,0
2458677.7532176,8.058843418854407,5.918502020372843,ZTF_r,1,4341202,349,-1,26.2472,1,1,0
2458677.8269792,-9.616499914883736,8.204597706929782,ZTF_g,1,4341201,74,-1,26.1703,0,1,0
2458680.7229051,9.567648745601787,12.648017169864739,ZTF_g,1,4341201,74,-1,26.2379,0,1,0
2458680.7729514,-9.291322768815245,8.217767473599828,ZTF_r,1,4341202,349,-1,26.2824,1,1,0
2458683.7085417,4.947522565306176,5.164516164673646,ZTF_g,1,4341201,74,-1,26.2194,0,1,0
2458685.7268866,1.7717909320393765,2.3257167289209577,ZTF_r,2,4341202,349,-1,26.2664,1,1,0
2458685.7455671,4.40588314484859,3.586339683878013,ZTF_r,2,4341202,349,-1,26.2675,1,1,0
2458685.7508565,1.6418710017899982,3.133924453608021,ZTF_r,2,4341202,349,-1,26.2646,1,1,0
2458685.7614005,0.27136651521550964,3.397244759819404,ZTF_r,2,4341202,349,-1,26.2806,1,1,0
2458685.7681829,-2.8357640931231267,3.1414993362575574,ZTF_r,2,4341202,349,-1,26.2551,1,1,0
2458685.7686343,3.374833631632855,2.902838575286504,ZTF_r,2,4341202,349,-1,26.2703,1,1,0
2458686.7832407,-5.036916728152888,4.109556848853917,ZTF_g,1,4341201,74,-1,26.1983,0,1,0
2458686.8101042,0.1118521614240261,3.4882476014450745,ZTF_r,1,4341202,349,-1,26.2291,1,1,0
2458690.6861574,-0.6666621649455996,2.422699285657719,ZTF_r,1,4341202,349,-1,26.1752,1,1,0
2458693.7100694,1.3442104731093432,6.665655754876373,ZTF_r,1,4341202,349,-1,25.7148,1,1,1
2458693.7528241,-0.9088597814735867,2.5018060218747262,ZTF_g,1,4341201,74,-1,26.2106,0,1,0
2458694.7390625,-0.794957616714982,2.8178975022534924,ZTF_r,2,4341202,349,-1,26.266,1,1,0
2458694.7395139,-3.255001758495445,2.5509198110548046,ZTF_r,2,4341202,349,-1,26.2586,1,1,0
2458694.7917593,20.294518496110904,6.107515802452911,ZTF_r,2,4341202,349,-1,25.7141,1,1,1
2458694.7922222,1.7373459664092465,8.721689823668884,ZTF_r,2,4341202,349,-1,25.4019,1,1,1
2458696.8380208,0.17954366490847506,2.790963359654779,ZTF_r,1,4341202,349,-1,26.1901,1,1,0
2458699.6890509,3.270445875444794,2.7121240387175414,ZTF_g,1,4341201,74,-1,26.1997,0,1,0
2458705.6520486,7.603909992717593,8.982558222560298,ZTF_r,1,4341202,349,-1,26.2443,1,1,0
2458705.7517361,11.890549576237007,7.773590927604364,ZTF_g,1,4341201,74,-1,26.1748,0,1,0
2458708.6690625,0.5401139005999828,8.768652683199962,ZTF_g,1,4341201,74,-1,26.2055,0,1,0
2458711.7342245,-3.128389479776291,6.932298680350188,ZTF_g,1,4341201,74,-1,26.2332,0,1,0
2458711.8128472,-3.7541512540009534,8.65421119315297,ZTF_r,1,4341202,349,-1,26.1898,1,1,0
2458716.668044,2.7013008961278144,2.287567184073851,ZTF_g,1,4341201,74,-1,26.2417,0,1,0
2458720.6398727,2.731239349957553,4.952163487814592,ZTF_r,1,4341202,349,-1,26.1885,1,1,0
2458720.6732639,-3.0901240999847515,3.419126161356822,ZTF_g,1,4341201,74,-1,26.1312,0,1,0
2458723.7000579,4.361583885293097,3.1776683633371867,ZTF_r,2,4341202,349,-1,26.2054,1,1,0
2458723.7005093,0.5151238795920463,2.5126872947681336,ZTF_r,2,4341202,349,-1,26.1953,1,1,0
2458723.7539005,-6.971097256658554,2.7825386647869346,ZTF_r,2,4341202,349,-1,26.1627,1,1,0
2458723.7543519,-1.17980135730916,2.4525967700579265,ZTF_r,2,4341202,349,-1,26.161,1,1,0
2458724.7139699,0.30806619538380603,3.342122668709283,ZTF_r,2,4341202,349,-1,26.2286,1,1,0
2458724.7144213,1.1097467599199478,3.2934200505754845,ZTF_r,2,4341202,349,-1,26.2344,1,1,0
2458724.7412153,6.128656222709938,3.2808278861964233,ZTF_r,2,4341202,349,-1,26.4492,1,1,1
2458724.7416667,6.84946341702446,3.52553411996859,ZTF_r,2,4341202,349,-1,26.3581,1,1,0
2458724.76,-3.264452120621064,4.1882573606696925,ZTF_g,1,4341201,74,-1,26.0757,0,1,0
2458728.6604282,-3.768479120056794,2.780578478629423,ZTF_g,2,4341201,74,-1,26.1436,0,1,0
2458728.7129167,0.1143579711587376,3.9192488838404365,ZTF_r,2,4341202,349,-1,26.1968,1,1,0
2458729.651412,-5.687509913017825,7.8585753876417375,ZTF_g,2,4341201,74,-1,25.3723,0,1,1
2458733.6675,-15.111319843854943,6.702353417166692,ZTF_g,1,4341201,74,-1,26.1797,0,1,0
2458733.7489931,-1.035649837919789,8.611777753221016,ZTF_r,1,4341202,349,-1,26.1547,1,1,0
2458738.6290741,-3.028391765853373,8.134899168054352,ZTF_g,1,4341201,74,-1,26.1904,0,1,0
2458741.6177083,9.865384890042847,6.730995239573873,ZTF_g,1,4341201,74,-1,26.1661,0,1,0
2458744.6166204,3.600935333256396,3.8627015912637717,ZTF_r,1,4341202,349,-1,26.2355,1,1,0
2458744.6287037,-0.8067396881871856,3.1630207923994433,ZTF_g,1,4341201,74,-1,26.2161,0,1,0
2458748.6360417,0.44706238663778547,4.242588406772719,ZTF_r,1,4341202,349,-1,26.2028,1,1,0
2458748.7061458,-2.6228559629675288,8.936650401675376,ZTF_g,1,4341201,74,-1,25.8241,0,1,0
2458751.6320949,-2.497894144684048,5.519267235835597,ZTF_r,1,4341202,349,-1,26.1682,1,1,0
2458757.6508333,-1.8440381534702215,5.327505065827852,ZTF_g,2,4341201,74,-1,26.107,0,1,0
2458761.6340972,5.90448463199372,6.778736157593212,ZTF_r,1,4341202,349,-1,26.2092,1,1,0
2458765.5988194,3.0546477908133127,9.54456515846811,ZTF_g,1,4341201,74,-1,26.114,0,1,0
2458768.6143403,-8.012151641181013,7.625776699193524,ZTF_r,1,4341202,349,-1,26.1801,1,1,0
2458771.6060995,2.0567092712728083,8.905213753506931,ZTF_g,1,4341201,74,-1,26.0632,0,1,0
2458774.6206481,5.84433526039331,5.8391128584312195,ZTF_g,1,4341201,74,-1,26.097,0,1,0
2458777.5874884,-8.54570867235787,10.970686510926265,ZTF_r,1,4341202,349,-1,26.1878,1,1,0
2458777.6072454,-0.21192382823063585,6.647377253248935,ZTF_g,1,4341201,74,-1,26.0841,0,1,0
2458781.5861574,11.182996009744128,12.827432538152014,ZTF_r,1,4341202,349,-1,26.1778,1,1,0
2458781.6076273,-5.061134292278849,8.668915733391243,ZTF_g,1,4341201,74,-1,26.0741,0,1,0
2458787.6141782,20.188405025589113,11.876735944158431,ZTF_r,1,4341202,349,-1,26.1466,1,1,1
2458792.6086806,-1.3678285771301886,8.300156968855621,ZTF_r,1,4341202,349,-1,26.0526,1,1,0
2458794.5793981,3.6267524744166866,8.96644726938253,ZTF_r,2,4341202,349,-1,26.1461,1,1,0
2458794.5843981,-13.660051044681687,9.096847702698426,ZTF_r,2,4341202,349,-1,26.115,1,1,0
2458794.5893866,-17.649551772546676,8.373771353319555,ZTF_r,2,4341202,349,-1,26.1295,1,1,0
2458794.594375,3.597326418883137,7.6830778680803675,ZTF_r,2,4341202,349,-1,26.0886,1,1,0
2458796.5754745,10.792091318756702,15.274448278370953,ZTF_r,2,4341202,349,-1,26.15,1,1,0
2458796.5803009,-4.179846733353104,10.758210775784702,ZTF_r,2,4341202,349,-1,26.1437,1,1,0
2458796.5851273,11.009515556304635,9.5285148525714,ZTF_r,2,4341202,349,-1,26.1455,1,1,0
2458796.5899537,5.103297378989646,10.456915756316556,ZTF_r,2,4341202,349,-1,26.1359,1,1,0
2458798.5745833,5.985154091947126,14.4316401206091,ZTF_r,2,4341202,349,-1,26.1611,1,1,1
2458798.5796412,11.91956576239411,11.197527433002511,ZTF_r,2,4341202,349,-1,26.1476,1,1,0
2458798.5846991,-2.1375856399586826,10.96547031029562,ZTF_r,2,4341202,349,-1,26.1338,1,1,0
2458798.5897454,-0.007309097764740965,11.185413831092342,ZTF_r,2,4341202,349,-1,26.1245,1,1,0
2458798.5969907,0.2700076590424865,18.086582094229282,ZTF_g,1,4341201,74,-1,25.9316,0,1,0
2458802.5716898,-3.8009378759645314,9.730573057567648,ZTF_r,2,4341202,349,-1,26.1478,1,1,0
2458802.5766319,5.149828104487983,7.266344296783142,ZTF_r,2,4341202,349,-1,26.1362,1,1,0
2458802.5815625,-7.773122581174273,5.604467763382008,ZTF_r,2,4341202,349,-1,26.1359,1,1,0
2458802.5864931,4.592911748346642,6.40047891860478,ZTF_r,2,4341202,349,-1,26.1036,1,1,0
2458804.5704745,-5.881759375124556,26.81528466316706,ZTF_r,2,4341202,349,-1,26.0974,1,1,1
2458804.5753125,6.036075524801765,19.36681544000745,ZTF_r,2,4341202,349,-1,26.0769,1,1,0
2458804.5801505,2.7802613792776536,15.461004729978121,ZTF_r,2,4341202,349,-1,26.0431,1,1,0
2458804.5849884,21.153340196157,12.821531868592237,ZTF_r,2,4341202,349,-1,26.0658,1,1,0
2458874.0590046,-0.8597693391058139,5.332497775964084,ZTF_r,2,4341202,349,-1,26.2513,1,1,1
2458874.0640162,-4.189145634484742,4.972239090467116,ZTF_r,2,4341202,349,-1,26.2671,1,1,0
2458874.0690394,2.9314039551815934,5.285541087200605,ZTF_r,2,4341202,349,-1,26.2855,1,1,0
2458874.0740625,5.21390210921947,7.0397447840506,ZTF_r,2,4341202,349,-1,26.3019,1,1,0
2458876.0570833,4.581186432691967,6.999209219811917,ZTF_r,2,4341202,349,-1,26.2224,1,1,0
2458876.0620718,-0.9774665521716883,8.097127581091879,ZTF_r,2,4341202,349,-1,26.2611,1,1,0
2458876.0670718,1.0705082123584404,9.201521318815095,ZTF_r,2,4341202,349,-1,26.2656,1,1,0
2458876.0720718,-12.570689185936525,10.492686072154969,ZTF_r,2,4341202,349,-1,26.2572,1,1,0
2458878.0585532,14.493443524010354,5.880610558896454,ZTF_r,2,4341202,349,-1,26.2501,1,1,0
2458878.0634722,4.467727655570034,7.374561097981706,ZTF_r,2,4341202,349,-1,26.2813,1,1,0
2458878.0684028,7.429018843032761,7.909316093722793,ZTF_r,2,4341202,349,-1,26.271,1,1,0
2458878.0749074,-11.172585373910332,12.057066701108054,ZTF_r,2,4341202,349,-1,26.2648,1,1,0
2458880.0578588,0.6383517081363059,9.547305307600451,ZTF_r,2,4341202,349,-1,26.2398,1,1,1
2458880.0628935,-5.343491027985714,9.69766460594478,ZTF_r,2,4341202,349,-1,26.2532,1,1,1
2458880.0679398,0.9875265730437437,12.031913304491106,ZTF_r,2,4341202,349,-1,26.244,1,1,1
2458886.0588889,-4.481236145842464,5.772486711148791,ZTF_r,2,4341202,349,-1,26.3041,1,1,0
2458886.0639005,-0.6901914689666081,5.4152420801184125,ZTF_r,2,4341202,349,-1,26.3156,1,1,0
2458886.068912,2.8410861922408857,6.599770057668459,ZTF_r,2,4341202,349,-1,26.3157,1,1,0
2458886.068912,2.8410861922408857,6.599770057668459,ZTF_r,2,4341202,349,-1,26.3157,1,1,0
2458893.0231944,-5.043443866646848,6.622508114068058,ZTF_r,1,4341202,349,-1,26.2602,1,1,0
2458896.021169,-2.7429159509846976,6.015898030787557,ZTF_r,1,4341202,349,-1,26.289,1,1,0
2458901.0171759,1.4083641004772554,12.694163992476714,ZTF_r,1,4341202,349,-1,25.0826,1,1,1
2458901.0488889,2.2984611612047967,14.65420237478323,ZTF_g,1,4341201,74,-1,24.9217,0,1,1
2458913.9854514,-4.270274726224264,5.7378343348456955,ZTF_r,1,4341202,349,-1,25.5855,1,1,1
2458940.9821759,1.043901743512416,4.749978990024266,ZTF_g,1,4341201,74,-1,25.9819,0,1,0
2458944.9822222,2.7261770583470284,5.540391897087161,ZTF_g,1,4341201,74,-1,26.2976,0,1,0
2458945.0034954,-4.386971405813008,4.664869460624499,ZTF_r,1,4341202,349,-1,26.3192,1,1,0
2458955.9417245,-0.1481340795950388,4.358698285054977,ZTF_r,1,4341202,349,-1,26.3155,1,1,0
2458955.9795255,-0.07496903868726572,4.063338689580263,ZTF_g,1,4341201,74,-1,26.296,0,1,0
2458963.9003009,1.267377711106795,3.45160727172505,ZTF_g,1,4341201,74,-1,26.2314,0,1,0
2458963.9425,2.7537590774389824,3.2531608722371734,ZTF_g,1,4341201,74,-1,26.279,0,1,0
2458966.9575,0.0172967810900844,2.668766995196138,ZTF_g,1,4341201,74,-1,26.2741,0,1,0
2458966.9774653,3.011695842985466,2.574803358524855,ZTF_r,1,4341202,349,-1,26.3062,1,1,0
2458972.962963,42.09096860356694,2.7429231682543493,ZTF_g,1,4341201,74,-1,26.3334,0,1,0
2458975.8050579,61.62678440549728,14.50984844204379,ZTF_g,1,4341201,74,-1,26.191,0,1,0
2458975.9306944,96.0457651005831,6.79174939212937,ZTF_r,1,4341202,349,-1,26.3846,1,1,0
2458979.9295949,70.90798641788784,10.039505692663052,ZTF_g,1,4341201,74,-1,26.2696,0,1,0
2458986.9138426,90.78929455271617,3.009010757715357,ZTF_g,1,4341201,74,-1,26.3519,0,1,0
2458986.9506597,210.8569133391456,3.853752371920543,ZTF_r,1,4341202,349,-1,26.4126,1,1,0
2458992.8402431,71.65608212879543,3.3628296299990907,ZTF_g,1,4341201,74,-1,26.324,0,1,0
2458992.9189583,163.60001070278486,4.3376756367942475,ZTF_r,1,4341202,349,-1,26.3354,1,1,0
2458996.8121991,137.9351273585755,3.973130672653524,ZTF_r,1,4341202,349,-1,26.3415,1,1,0
2459000.8558218,7.776452829609086,269.1951609601266,ZTF_r,1,4341202,349,-1,22.4923,1,1,1
2459011.7963194,20.066063910725294,3.3193086759243817,ZTF_g,1,4341201,74,-1,26.1045,0,1,0
2459011.8177662,73.06363351599762,3.4621607124741667,ZTF_r,1,4341202,349,-1,26.2624,1,1,0
2459014.7577431,49.21246457207228,3.9967309760354994,ZTF_r,1,4341202,349,-1,26.3959,1,1,0
2459017.8328125,11.469747862377332,2.7057887388998636,ZTF_g,1,4341201,74,-1,26.3669,0,1,0
2459020.7760764,37.92694878541494,2.85960484724591,ZTF_r,1,4341202,349,-1,26.3693,1,1,0
2459020.8638426,5.76133568151779,2.5544168000124166,ZTF_g,1,4341201,74,-1,26.341,0,1,0
2459023.8160648,8.919315908109924,2.942370447611748,ZTF_g,1,4341201,74,-1,26.384,0,1,0
2459027.7353935,7.415868214468174,5.240437382940006,ZTF_g,1,4341201,74,-1,26.1711,0,1,0
2459027.7728241,29.483217054539335,4.210905580268092,ZTF_r,1,4341202,349,-1,26.2704,1,1,0
2459030.8524306,4.709053180471717,7.208169250622852,ZTF_g,1,4341201,74,-1,26.2832,0,1,0
2459033.7313194,13.772671829860826,14.428253270511378,ZTF_g,1,4341201,74,-1,26.336,0,1,0
2459033.8172106,12.905426907730355,9.14680619847904,ZTF_r,1,4341202,349,-1,26.3972,1,1,0
2459036.7185532,9.153047340468195,9.110540497484214,ZTF_g,1,4341201,74,-1,26.3771,0,1,0
2459036.7897106,24.196469203069924,5.727626448214008,ZTF_r,1,4341202,349,-1,26.4154,1,1,0
2459039.7705324,13.138170200095956,3.395593358217069,ZTF_r,1,4341202,349,-1,26.4193,1,1,0
2459039.8397569,7.356491312714157,5.566272785206209,ZTF_g,1,4341201,74,-1,26.3739,0,1,0
2459042.745081,12.218670286897392,2.36420700920964,ZTF_r,1,4341202,349,-1,26.3536,1,1,0
2459042.7965394,5.308593059470156,2.9785513475384016,ZTF_g,1,4341201,74,-1,26.2689,0,1,0
2459045.7123611,14.198010432177863,2.5265472915755294,ZTF_r,1,4341202,349,-1,26.4063,1,1,0
2459045.7662269,1.3104661842557452,2.295715808763732,ZTF_g,1,4341201,74,-1,26.4049,0,1,0
2459048.7435764,11.536015682742619,2.4117725854124967,ZTF_r,1,4341202,349,-1,26.4236,1,1,0
2459048.7759722,5.1967257635487965,2.4143733448705156,ZTF_g,1,4341201,74,-1,26.4021,0,1,0
2459051.7951273,2.462946959345591,3.3105927659512044,ZTF_g,1,4341201,74,-1,26.3057,0,1,0
2459051.8544213,11.276198955421654,3.803250596208539,ZTF_r,1,4341202,349,-1,26.3941,1,1,0
2459054.7513773,6.815575015120912,2.9186791588922865,ZTF_g,1,4341201,74,-1,26.3491,0,1,0
2459057.7538079,4.62828699902609,4.477646051092241,ZTF_g,1,4341201,74,-1,26.3391,0,1,0
2459064.7113194,-3.2347111890719384,12.6879194336148,ZTF_g,1,4341201,74,-1,26.3123,0,1,0
2459064.8099537,-0.9156851940417391,12.695012579650971,ZTF_r,1,4341202,349,-1,26.3019,1,1,0
2459067.7891667,4.646624174926415,5.057489042964805,ZTF_r,1,4341202,349,-1,26.3833,1,1,0
2459070.6909954,5.3816108319642195,2.4038696192023274,ZTF_r,1,4341202,349,-1,26.4295,1,1,0
2459075.6882986,4.113459499313413,3.254140467995116,ZTF_g,1,4341201,74,-1,26.1875,0,1,0
2459075.7301505,12.830754336411731,3.4723957490695483,ZTF_r,1,4341202,349,-1,26.2958,1,1,0
2459094.6720486,2.499777630803547,9.352175262736424,ZTF_g,1,4341201,74,-1,26.2024,0,1,0
2459094.774537,-11.137221142679168,13.27356659108041,ZTF_r,1,4341202,349,-1,26.0958,1,1,0
2459114.6697106,11.524220380789831,6.890936773002674,ZTF_r,1,4341202,349,-1,26.2155,1,1,0
2459114.6932639,-1.4787054197184542,7.00011122308477,ZTF_g,1,4341201,74,-1,26.0043,0,1,0
2459115.6488079,-2.669491812983882,6.083862917074689,ZTF_r,1,4341202,349,-1,26.3264,1,1,0
2459115.6907755,1.0784636046649738,6.672593691665821,ZTF_g,1,4341201,74,-1,26.1851,0,1,0
2459117.6073148,4.217376380718984,6.339076493916915,ZTF_r,1,4341202,349,-1,26.3315,1,1,0
2459117.7103009,2.7420040061804887,9.239676820385116,ZTF_g,1,4341201,74,-1,26.1442,0,1,0
2459118.7054282,-0.49263985004705607,8.363069239405112,ZTF_g,1,4341201,74,-1,26.1814,0,1,0
2459118.726713,15.47302011653008,8.419858239739508,ZTF_r,1,4341202,349,-1,26.2442,1,1,0
2459119.6662269,2.3474087582141787,5.380289212097053,ZTF_r,1,4341202,349,-1,26.3483,1,1,0
2459119.693206,-8.99258388638258,8.329850960624027,ZTF_g,1,4341201,74,-1,26.1926,0,1,0
2459128.6450579,1.9281850187868532,4.319126266257127,ZTF_r,1,4341202,349,-1,26.2309,1,1,0
2459128.6808218,9.143636960088543,9.468717193534777,ZTF_g,1,4341201,74,-1,25.9293,0,1,0
2459130.6313194,-5.060661349459904,4.16727878820375,ZTF_r,1,4341202,349,-1,26.3815,1,1,0
2459135.6028704,8.36630995140642,4.428849024953971,ZTF_g,1,4341201,74,-1,26.257,0,1,0
2459135.6273495,2.176654805195977,4.294441671114946,ZTF_r,1,4341202,349,-1,26.3942,1,1,0
2459137.5897222,-3.4713093804524253,7.255288657325882,ZTF_r,1,4341202,349,-1,26.3159,1,1,0
2459139.6045718,-1.360456336852755,4.568971698371526,ZTF_r,1,4341202,349,-1,26.3113,1,1,0
2459141.605787,-3.49899397120692,5.379844671934098,ZTF_r,1,4341202,349,-1,26.2411,1,1,0
2459145.5945023,0.1775956402926402,4.803721392000327,ZTF_r,1,4341202,349,-1,26.3516,1,1,0
2459150.623287,-0.8085081169048577,10.044396066258452,ZTF_r,1,4341202,349,-1,26.2794,1,1,0
2459150.6313889,-11.986790766795442,12.061254695193849,ZTF_g,1,4341201,74,-1,26.1428,0,1,0
2459151.5873032,-0.5339390428132641,7.861207166558694,ZTF_r,1,4341202,349,-1,26.3563,1,1,0
2459151.6318056,-12.208313434227378,13.463244272931446,ZTF_g,1,4341201,74,-1,26.0878,0,1,0
2459158.5751042,-1.9040752434601942,10.514376553967685,ZTF_r,2,4341202,349,-1,26.3264,1,1,0
2459158.5798148,-3.905846023118332,7.8297211218194,ZTF_r,2,4341202,349,-1,26.3522,1,1,0
2459158.584537,-5.77844923748858,6.937580170928047,ZTF_r,2,4341202,349,-1,26.3123,1,1,0
2459158.5892593,7.531913434358679,7.284190830430414,ZTF_r,2,4341202,349,-1,26.3179,1,1,0
2459158.5939583,-0.19668472571597834,7.174245733862982,ZTF_r,2,4341202,349,-1,26.3189,1,1,0
2459164.5797106,-4.180202563031795,9.224263262602012,ZTF_r,2,4341202,349,-1,26.3239,1,1,0
2459164.5844213,-8.959509739358113,9.120717216813496,ZTF_r,2,4341202,349,-1,26.3111,1,1,0
2459164.5891204,-1.2657484897652822,9.317919018206533,ZTF_r,2,4341202,349,-1,26.298,1,1,0
2459164.5938194,4.6816099842809,9.096056292579517,ZTF_r,2,4341202,349,-1,26.282,1,1,0
2459166.5753009,-76.75221528286521,30.370330196582863,ZTF_r,2,4341202,349,-1,25.2148,1,1,1
2459168.575081,0.051707050628537046,13.525015060723945,ZTF_r,2,4341202,349,-1,26.2998,1,1,0
2459168.5798264,2.09484485881004,10.199927893765084,ZTF_r,2,4341202,349,-1,26.2987,1,1,0
2459168.5845602,4.183108628192417,11.297250148077458,ZTF_r,2,4341202,349,-1,26.2901,1,1,1
2459168.5892824,1.2460738237965212,9.306798129871645,ZTF_r,2,4341202,349,-1,26.2802,1,1,1
2459168.5940162,0.25794663323658173,9.485215966920155,ZTF_r,2,4341202,349,-1,26.2638,1,1,1
2459249.0506134,6.361937751835905,5.834423990792611,ZTF_r,1,4341202,349,-1,26.3347,1,1,1
2459249.0536343,8.627711218435445,5.714752082576934,ZTF_r,1,4341202,349,-1,26.3452,1,1,1
2459249.0566551,4.042595265846822,5.6225657229237695,ZTF_r,1,4341202,349,-1,26.3558,1,1,1
2459249.0596644,7.507209264966075,4.895851514755531,ZTF_r,1,4341202,349,-1,26.328,1,1,0
2459249.0626736,-6.016980304260449,5.980891627079653,ZTF_r,1,4341202,349,-1,26.3607,1,1,1
2459250.0491435,7.423362171815958,7.6220645810740155,ZTF_r,1,4341202,349,-1,26.3326,1,1,1
2459250.0521065,0.7708754314888742,6.536883950247446,ZTF_r,1,4341202,349,-1,26.3494,1,1,1
2459250.0550694,3.4962971984024254,5.6771886579795705,ZTF_r,1,4341202,349,-1,26.361,1,1,1
2459250.0580324,3.4031228146550143,5.923165864396651,ZTF_r,1,4341202,349,-1,26.3586,1,1,1
2459250.0609954,3.0436894228743863,6.032981297315487,ZTF_r,1,4341202,349,-1,26.3614,1,1,1
2459251.0473611,5.102888306677348,6.181060169130964,ZTF_r,1,4341202,349,-1,26.3203,1,1,0
2459251.0503588,4.677638281419887,5.982911778081848,ZTF_r,1,4341202,349,-1,26.327,1,1,0
2459251.0533565,11.676281840851926,5.970319362982869,ZTF_r,1,4341202,349,-1,26.3347,1,1,0
2459251.0563657,2.387147096071024,6.406122345140487,ZTF_r,1,4341202,349,-1,26.353,1,1,1
2459251.0593634,1.6056282239050492,6.245181923781369,ZTF_r,1,4341202,349,-1,26.3446,1,1,0
2459252.0483333,2.6297493840246275,6.994304629794292,ZTF_r,1,4341202,349,-1,26.3358,1,1,0
2459252.0512616,3.8820451781968406,6.925173202384632,ZTF_r,1,4341202,349,-1,26.3426,1,1,0
2459252.0542014,0.34068039260219685,6.54372890972953,ZTF_r,1,4341202,349,-1,26.3414,1,1,0
2459252.0571412,1.6634270935853772,8.278724244674867,ZTF_r,1,4341202,349,-1,26.3535,1,1,0
2459252.060081,3.3374439951189068,6.380954145033494,ZTF_r,1,4341202,349,-1,26.3347,1,1,0
2459253.0463657,1.8664320690752976,3.1812536441139274,ZTF_r,1,4341202,349,-1,26.3449,1,1,1
2459253.0493171,-5.381858082379422,3.5324046316265405,ZTF_r,1,4341202,349,-1,26.349,1,1,1
2459253.0522801,2.653709087772687,3.138782256607394,ZTF_r,1,4341202,349,-1,26.3439,1,1,0
2459253.0552431,-2.2888090647925874,3.655236350346919,ZTF_r,1,4341202,349,-1,26.3543,1,1,0
2459253.058206,0.4663132296354868,3.3772576887139034,ZTF_r,1,4341202,349,-1,26.3503,1,1,0
2459254.0470949,-2.7463200808574326,5.104380660646011,ZTF_r,1,4341202,349,-1,26.3285,1,1,0
2459254.0500579,3.1706594710876366,4.405634330793884,ZTF_r,1,4341202,349,-1,26.3622,1,1,1
2459254.0530208,-2.0694727220874167,3.7911522590272826,ZTF_r,1,4341202,349,-1,26.3592,1,1,0
2459254.0559722,3.8550113719126307,4.146144202500594,ZTF_r,1,4341202,349,-1,26.3646,1,1,0
2459254.0589352,0.6102421402053407,3.6883895554408386,ZTF_r,1,4341202,349,-1,26.3731,1,1,0
2459264.029294,-0.35358592812432643,7.080303645829582,ZTF_g,1,4341201,74,-1,26.3216,0,1,1
2459283.0204167,0.7044208010918043,3.6779987036719795,ZTF_r,1,4341202,349,-1,26.3796,1,1,0
2459283.0252894,-2.474300986583857,3.074811359873462,ZTF_g,1,4341201,74,-1,26.3501,0,1,0
2459292.9439699,2.2151349503101545,4.13729096980102,ZTF_g,1,4341201,74,-1,26.1479,0,1,0
2459296.0016435,-4.908620206774945,4.7942020535820635,ZTF_r,1,4341202,349,-1,26.2963,1,1,0
2459298.8991898,-15.68841664901175,13.537084231073612,ZTF_r,1,4341202,349,-1,25.8564,1,1,0
2459302.9625463,5.046797535934828,7.66544256275025,ZTF_r,1,4341202,349,-1,26.3021,1,1,0
2459302.9951852,-12.061068133771967,8.238289408041384,ZTF_g,1,4341201,74,-1,26.3387,0,1,0
